Name,ID,data.classes,seed,optimizer_name,epoch,training.early_epoch,training.max_epoch,val_accuracy,val_loss,calculated_mean,calculated_std,artifacts
unsettling-scream-1343,8v7j1q7j,"[breakwater,running_shoe,mixing_bowl]",6287,SGD,51,14,52,0.8307322859764099,0.6462230682373047,"[0.5178992748260498, 0.5039118528366089, 0.4850257337093353]","[0.28022700548171997, 0.28117093443870544, 0.30005204677581787]","['FoaEBjyQ4pKQibmRdfLE73_13.pth', 'FoaEBjyQ4pKQibmRdfLE73_52.pth']"
ghostly-fantasy-1342,d3hhz4js,"[pajama,schooner,black_and_gold_garden_spider]",1930,Adam,70,16,71,0.92949640750885,0.3644361197948456,"[0.5037416815757751, 0.5023298263549805, 0.4697614908218384]","[0.26076483726501465, 0.2536565065383911, 0.2829560935497284]","['SAxo8rRqbJmK33q6GPME5F_15.pth', 'SAxo8rRqbJmK33q6GPME5F_71.pth']"
uncanny-force-1341,q0kexl4b,"[indigo_bunting,mashed_potato,vizsla]",7125,SGD,42,10,43,0.9035897254943848,0.3334388732910156,"[0.4936072826385498, 0.4637037217617035, 0.35763436555862427]","[0.24639125168323517, 0.23583801090717316, 0.24705743789672852]","['AhMocMYCive6EuoUi6ugpm_9.pth', 'AhMocMYCive6EuoUi6ugpm_43.pth']"
moonlit-poltergeist-1340,3drumooq,"[siamese_cat,indigo_bunting,strawberry]",197,SGD,46,18,47,0.9512735605239868,0.1973342150449752,"[0.5149713158607483, 0.44569262862205505, 0.375923752784729]","[0.2740687429904938, 0.2732201814651489, 0.28248459100723267]","['NDa4yfErR3P8vx3gH5PNt9_17.pth', 'NDa4yfErR3P8vx3gH5PNt9_47.pth']"
faded-husk-1339,e9l4fdxx,"[dock,schooner,sea_slug]",7777,SGD,35,14,36,0.8815330862998962,0.4726242125034332,"[0.46110132336616516, 0.45183324813842773, 0.4254785180091858]","[0.27110347151756287, 0.26556968688964844, 0.289907842874527]","['ab55LnvwtcNZaL35HXPMoF_13.pth', 'ab55LnvwtcNZaL35HXPMoF_36.pth']"
elusive-bat-1338,5uwwns0r,"[pick,barn_spider,borzoi]",2931,SGD,67,15,68,0.7933884263038635,0.7359548807144165,"[0.4895125925540924, 0.46023496985435486, 0.4164866507053375]","[0.2990280091762543, 0.2919354736804962, 0.30337366461753845]","['BqRooaH5Swg6vDo5dbkhjd_14.pth', 'BqRooaH5Swg6vDo5dbkhjd_68.pth']"
forlorn-mummy-1337,in9g0hfn,"[schooner,red_wolf,chambered_nautilus]",8004,SGD,41,10,42,0.7699248194694519,1.1627854108810425,"[0.4606480598449707, 0.4627630114555359, 0.4335147738456726]","[0.2740730345249176, 0.2661404311656952, 0.2828264534473419]","['MGv5F8ZBgXAnhZ6rCMynQU_9.pth', 'MGv5F8ZBgXAnhZ6rCMynQU_42.pth']"
ghostly-darkness-1336,4mxpalgd,"[carpenter's_kit,cellular_telephone,bolete]",2327,SGD,52,11,53,0.8086956739425659,0.811995804309845,"[0.4935002028942108, 0.46113139390945435, 0.4119877517223358]","[0.30614155530929565, 0.30066239833831787, 0.31291961669921875]","['6j5f2rtALKeDF7JSP3XkNe_10.pth', '6j5f2rtALKeDF7JSP3XkNe_53.pth']"
frightful-labyrinth-1335,2zhllbve,"[breakwater,ibizan_hound,angora]",4389,Adam,44,12,45,0.8514851331710815,0.7215251326560974,"[0.47748130559921265, 0.4728478491306305, 0.4490087628364563]","[0.253460556268692, 0.25105518102645874, 0.27618110179901123]","['Q2h9HWkTfhNyquMxRtAMVV_11.pth', 'Q2h9HWkTfhNyquMxRtAMVV_45.pth']"
endless-incantation-1334,ck1v3euw,"[paddle,indigo_bunting,tow_truck]",8958,Adam,42,15,43,0.8616600632667542,0.6507976055145264,"[0.47228899598121643, 0.48796793818473816, 0.43230605125427246]","[0.2632966935634613, 0.2540254294872284, 0.2785012722015381]","['Z2RCRcgYPP6fJQeJCG2Rvd_14.pth', 'Z2RCRcgYPP6fJQeJCG2Rvd_43.pth']"
tricky-skeleton-1333,6i3lff4f,"[soft-coated_wheaten_terrier,barn_spider,limpkin]",4218,Adam,42,15,43,0.8404558300971985,0.8365679383277893,"[0.46486547589302063, 0.4551275074481964, 0.37969207763671875]","[0.25010940432548523, 0.24204771220684052, 0.25456956028938293]","['6cxhzR9M9m9vK6Y9D9jn4n_14.pth', '6cxhzR9M9m9vK6Y9D9jn4n_43.pth']"
sleepless-veil-1332,swj28yh3,"[cellular_telephone,borzoi,appenzeller]",202,SGD,50,11,51,0.7809139490127563,0.7597289681434631,"[0.4822808802127838, 0.4667881727218628, 0.42262235283851624]","[0.29386666417121887, 0.2890865206718445, 0.29606860876083374]","['YkpPZ9FTG4kinJwxz5pxSR_10.pth', 'YkpPZ9FTG4kinJwxz5pxSR_51.pth']"
moonlit-werewolf-1331,c2fhqu4l,"[wire-haired_fox_terrier,chimpanzee,vizsla]",3510,SGD,41,19,42,0.7919999957084656,1.209184169769287,"[0.4747406244277954, 0.4483124613761902, 0.37616175413131714]","[0.2545359432697296, 0.2471926212310791, 0.25033530592918396]","['RGSKqWM4ZsRtxqptPjPhBu_18.pth', 'RGSKqWM4ZsRtxqptPjPhBu_42.pth']"
dreadful-bones-1330,dpfu7jzp,"[missile,siamese_cat,barn_spider]",4931,SGD,63,19,64,0.8313090205192566,0.6761045455932617,"[0.47356438636779785, 0.46225765347480774, 0.44133636355400085]","[0.27735435962677, 0.2714826464653015, 0.28849077224731445]","['J2WRjBDVuACSPKrFnBaHcd_18.pth', 'J2WRjBDVuACSPKrFnBaHcd_64.pth']"
forlorn-dance-1329,bx82y5nu,"[angora,paddle,canoe]",5535,Adam,49,16,50,0.7153179049491882,1.402958869934082,"[0.47667789459228516, 0.46981823444366455, 0.4424125850200653]","[0.2656221389770508, 0.2578769028186798, 0.27823883295059204]","['gSX57bikkBKU7BnXhFM8Na_15.pth', 'gSX57bikkBKU7BnXhFM8Na_50.pth']"
murky-cobweb-1328,i2te5vdl,"[otterhound,mud_turtle,trombone]",9925,SGD,49,17,50,0.8424543738365173,0.6087729930877686,"[0.5032380819320679, 0.46577325463294983, 0.41547998785972595]","[0.3076493442058563, 0.3038412928581238, 0.3103325664997101]","['XVjPuAPSZCNCEePJvUiMyR_16.pth', 'XVjPuAPSZCNCEePJvUiMyR_50.pth']"
phantasmal-goblin-1327,llh2zzgg,"[planetarium,trombone,missile]",5791,Adam,59,11,60,0.7671957612037659,1.5029758214950562,"[0.4874587655067444, 0.4837583899497986, 0.48016902804374695]","[0.3068234622478485, 0.3033066391944885, 0.32146161794662476]","['XMBs3TnEeo3Q9kzUjWaBcU_10.pth', 'XMBs3TnEeo3Q9kzUjWaBcU_60.pth']"
shadowed-jitter-1326,ujd78i70,"[mud_turtle,limpkin,acoustic_guitar]",1707,Adam,48,17,49,0.8913043737411499,0.5214094519615173,"[0.5048830509185791, 0.46851131319999695, 0.3885437548160553]","[0.29709592461586, 0.29179906845092773, 0.3049171268939972]","['WefoF4hVsuLP6vsKqHqtCn_16.pth', 'WefoF4hVsuLP6vsKqHqtCn_49.pth']"
wicked-pitchfork-1325,0ltnvrlu,"[vacuum,wire-haired_fox_terrier,sewing_machine]",5172,SGD,64,10,65,0.7253521084785461,0.9853841066360474,"[0.5664123892784119, 0.5368302464485168, 0.5051518678665161]","[0.31148114800453186, 0.31724104285240173, 0.33083704113960266]","['oPysGNR3B85tPq4vsRwgjB_9.pth', 'oPysGNR3B85tPq4vsRwgjB_65.pth']"
faded-apparition-1324,6hmo73nm,"[ant,breakwater,vacuum]",5249,Adam,32,10,33,0.8835691213607788,0.5722808837890625,"[0.5451056361198425, 0.5377081036567688, 0.4965112507343292]","[0.28719210624694824, 0.2842363715171814, 0.3110050559043884]","['UJ9k6nimt8GgMp9HwTNGrH_9.pth', 'UJ9k6nimt8GgMp9HwTNGrH_33.pth']"
dire-witch-1323,vclel2zx,"[lesser_panda,crash_helmet,dock]",6528,SGD,29,13,30,0.8798955678939819,0.436204046010971,"[0.45549044013023376, 0.4461296796798706, 0.40975457429885864]","[0.2829628586769104, 0.2787525951862335, 0.2909080684185028]","['KSjbCijc4ixAFSUeRQLirF_12.pth', 'KSjbCijc4ixAFSUeRQLirF_30.pth']"
abominable-fog-1322,hdy69vrf,"[otterhound,sewing_machine,mashed_potato]",7392,Adam,53,12,54,0.8911290168762207,0.5621498227119446,"[0.5394122004508972, 0.4880490005016327, 0.41979047656059265]","[0.28777095675468445, 0.28923773765563965, 0.3013207018375397]","['NuvhzzmibYAft3xWrAB4iZ_11.pth', 'NuvhzzmibYAft3xWrAB4iZ_54.pth']"
paranormal-possession-1321,dw2h9lj8,"[mixing_bowl,sea_slug,chimpanzee]",5855,SGD,52,10,53,0.875,0.5093458890914917,"[0.46395939588546753, 0.4333157241344452, 0.3716311454772949]","[0.28262728452682495, 0.27426138520240784, 0.27483850717544556]","['W7KAyX52r3o7Fmv99f4s8G_9.pth', 'W7KAyX52r3o7Fmv99f4s8G_53.pth']"
twisted-claw-1320,j2u5v2tf,"[carpenter's_kit,chimpanzee,pick]",8164,SGD,55,18,56,0.8293333053588867,0.7419004440307617,"[0.5053585171699524, 0.48268190026283264, 0.4489213526248932]","[0.31114649772644043, 0.30749136209487915, 0.31103742122650146]","['gRdrMZNh5aomjxncJ7LhYj_17.pth', 'gRdrMZNh5aomjxncJ7LhYj_56.pth']"
murky-cauldron-1319,rpqmgr1q,"[acoustic_guitar,pajama,paddle]",854,Adam,24,14,25,0.772522509098053,1.276686191558838,"[0.5353390574455261, 0.4824846088886261, 0.4427936375141144]","[0.3111995756626129, 0.30737221240997314, 0.3201989531517029]","['9z7zZCtXu9fknCqgWPcaUN_13.pth', '9z7zZCtXu9fknCqgWPcaUN_25.pth']"
intangible-trouble-1318,nbxganq5,"[trombone,red_wolf,wire-haired_fox_terrier]",4737,Adam,47,10,48,0.8842729926109314,0.5027696490287781,"[0.4873230457305908, 0.45664259791374207, 0.3991365134716034]","[0.30108073353767395, 0.2958023250102997, 0.3015921413898468]","['J7yLPERDpwcjAgidJGkWBR_9.pth', 'J7yLPERDpwcjAgidJGkWBR_48.pth']"
ethereal-spider-1317,6rsxvtrh,"[necklace,cellular_telephone,ibizan_hound]",698,SGD,55,12,56,0.806658148765564,0.6772945523262024,"[0.5324053764343262, 0.49938103556632996, 0.4631431996822357]","[0.2999568283557892, 0.2984747290611267, 0.3114628493785858]","['idEi8UfDDxNDoqmDiG2Pxy_11.pth', 'idEi8UfDDxNDoqmDiG2Pxy_56.pth']"
lurking-beast-1316,qynav7dy,"[schooner,otterhound,mixing_bowl]",3696,SGD,61,19,62,0.8815566897392273,0.5289583802223206,"[0.5364593863487244, 0.533495306968689, 0.5162510275840759]","[0.2713555693626404, 0.26789936423301697, 0.2896732687950134]","['mWEy4mSg7FpQzUq92ZaPnj_18.pth', 'mWEy4mSg7FpQzUq92ZaPnj_62.pth']"
unearthly-force-1315,qef0df8i,"[ibizan_hound,ant,pick]",1636,SGD,65,19,66,0.7833753228187561,0.8234401345252991,"[0.5152965188026428, 0.4820643961429596, 0.40618056058883667]","[0.28465735912323, 0.27670904994010925, 0.29397404193878174]","['bnYeDMbZM3nVqyrM27tM3D_18.pth', 'bnYeDMbZM3nVqyrM27tM3D_66.pth']"
moonlit-ember-1314,5ecbmnh7,"[mud_turtle,chimpanzee,trombone]",7280,SGD,57,14,58,0.7985436916351318,0.7431164979934692,"[0.47298291325569153, 0.45051929354667664, 0.4027985632419586]","[0.2986108362674713, 0.29420962929725647, 0.29452812671661377]","['apcVcbgpdLKvhdCqczpvK4_13.pth', 'apcVcbgpdLKvhdCqczpvK4_58.pth']"
ethereal-witch-1313,va69n2ye,"[pug,maillot,chimpanzee]",7554,SGD,58,14,59,0.713458776473999,1.2567720413208008,"[0.4845964014530182, 0.47211551666259766, 0.4287702143192291]","[0.28442367911338806, 0.2769336998462677, 0.2779134213924408]","['6m6vZjrVUSFswzM5ZDjA6c_13.pth', '6m6vZjrVUSFswzM5ZDjA6c_59.pth']"
forlorn-fang-1312,4bnf4qe1,"[paddle,ant,trombone]",3581,Adam,54,14,55,0.7725274562835693,1.9302053451538088,"[0.5101991891860962, 0.4853374660015106, 0.42875462770462036]","[0.2992432117462158, 0.2929272949695587, 0.30850744247436523]","['UF65GJoJWWhsogtWB47CjD_13.pth', 'UF65GJoJWWhsogtWB47CjD_55.pth']"
wavering-shadow-1311,pwu165c6,"[tow_truck,trombone,canoe]",1291,Adam,28,16,29,0.8402438759803772,0.7988531589508057,"[0.49031081795692444, 0.4721335172653198, 0.4458504021167755]","[0.30371326208114624, 0.3011021912097931, 0.31374529004096985]","['4Hwnhj4psanPs4Wdwxph9V_15.pth', '4Hwnhj4psanPs4Wdwxph9V_29.pth']"
forlorn-pitchfork-1310,vd33rec7,"[cellular_telephone,american_lobster,mashed_potato]",6585,SGD,51,14,52,0.8260869383811951,0.6316653490066528,"[0.5355772376060486, 0.4583054184913635, 0.39699339866638184]","[0.2961593270301819, 0.29533571004867554, 0.30522382259368896]","['ZXtc2ee7SpmNdfShy3QCwZ_13.pth', 'ZXtc2ee7SpmNdfShy3QCwZ_52.pth']"
vacant-ghoul-1309,wvi0hk5a,"[maillot,acoustic_guitar,trombone]",1853,SGD,58,12,59,0.7594070434570312,0.887739896774292,"[0.5453358292579651, 0.49091649055480957, 0.4491286277770996]","[0.33926883339881897, 0.3390037715435028, 0.3492666184902191]","['fsprpwvqme6kgnxwkg6rtQ_11.pth', 'fsprpwvqme6kgnxwkg6rtQ_59.pth']"
fearsome-void-1308,swaf8rnx,"[black_and_gold_garden_spider,police_van,wire-haired_fox_terrier]",5232,SGD,47,15,48,0.943942129611969,0.2319165617227554,"[0.44711557030677795, 0.45693886280059814, 0.39489689469337463]","[0.256773442029953, 0.25065815448760986, 0.26695317029953003]","['BQ7nRLKHTabNK5jMxFySPj_14.pth', 'BQ7nRLKHTabNK5jMxFySPj_48.pth']"
venomous-seance-1307,ke8hnaqz,"[bolete,mashed_potato,sea_slug]",3763,SGD,45,14,46,0.8106212615966797,0.6811655163764954,"[0.4566056430339813, 0.4034702181816101, 0.3090766966342926]","[0.27269241213798523, 0.25534653663635254, 0.24786022305488586]","['WAvEVUqV2K2bHxRTLrQ5i2_13.pth', 'WAvEVUqV2K2bHxRTLrQ5i2_46.pth']"
forgotten-portal-1306,mndmc2wm,"[cellular_telephone,ruddy_turnstone,soft-coated_wheaten_terrier]",3304,Adam,38,14,39,0.9164733290672302,0.3611210286617279,"[0.5049722194671631, 0.4838995933532715, 0.4488379657268524]","[0.27171817421913147, 0.2674986720085144, 0.2789154052734375]","['HmB2X4offcJPuq2oLZcrds_13.pth', 'HmB2X4offcJPuq2oLZcrds_39.pth']"
scary-fang-1305,khjn3mdd,"[pug,red_wolf,carpenter's_kit]",1495,SGD,25,10,26,0.7936962842941284,0.8441174626350403,"[0.4980454444885254, 0.472944051027298, 0.41962239146232605]","[0.286109060049057, 0.2787403166294098, 0.28716376423835754]","['jy7iX9wbzT4m3oEbTDuJBq_9.pth', 'jy7iX9wbzT4m3oEbTDuJBq_26.pth']"
toxic-imp-1304,p81upw5i,"[mashed_potato,crash_helmet,mud_turtle]",7994,Adam,58,15,59,0.8776978254318237,0.5467159152030945,"[0.5070343017578125, 0.4598037898540497, 0.39062196016311646]","[0.28455090522766113, 0.2778461277484894, 0.28488197922706604]","['Hfk6ebqjua8ve73r5UK7bX_14.pth', 'Hfk6ebqjua8ve73r5UK7bX_59.pth']"
fearsome-poltergeist-1303,6dv1sx9s,"[barometer,maillot,ant]",1998,SGD,63,16,64,0.6943620443344116,1.807166337966919,"[0.5465902090072632, 0.5192525386810303, 0.449209988117218]","[0.2810750901699066, 0.27765989303588867, 0.30102887749671936]","['GyGfgwSpLuXdwSbhvqv5pV_15.pth', 'GyGfgwSpLuXdwSbhvqv5pV_64.pth']"
unraveling-howl-1302,ucy0xdu0,"[strawberry,crash_helmet,mashed_potato]",663,Adam,58,14,59,0.9189526438713074,0.4727199971675873,"[0.5547276735305786, 0.4463682770729065, 0.3814363479614258]","[0.29585710167884827, 0.30329275131225586, 0.30882635712623596]","['73b3P3hVQmcCJGcA6MLKLX_13.pth', '73b3P3hVQmcCJGcA6MLKLX_59.pth']"
phantasmal-incantation-1301,2aymggwe,"[lesser_panda,ruddy_turnstone,soft-coated_wheaten_terrier]",3748,Adam,40,10,41,0.8983606696128845,0.3761468827724457,"[0.4744098484516144, 0.45743486285209656, 0.4023783206939697]","[0.24644392728805542, 0.24042490124702454, 0.24976271390914917]","['nYxx7jBmSN35N6w7oSSGSX_9.pth', 'nYxx7jBmSN35N6w7oSSGSX_41.pth']"
endless-nightmare-1300,rosslvaf,"[pug,ruddy_turnstone,pajama]",4413,Adam,59,12,60,0.8768212199211121,0.6453462243080139,"[0.51627516746521, 0.48049843311309814, 0.4482792615890503]","[0.2607625424861908, 0.25633761286735535, 0.2666204869747162]","['LWiHBSiWP3DfbomSoUV4c3_11.pth', 'LWiHBSiWP3DfbomSoUV4c3_60.pth']"
cryptic-wraith-1299,9nq6quww,"[police_van,canoe,appenzeller]",5530,Adam,76,18,77,0.9050991535186768,0.4753711819648742,"[0.44884565472602844, 0.4510189890861511, 0.41208747029304504]","[0.26907673478126526, 0.2639305591583252, 0.2736920118331909]","['KRQ2DxxzrJiqbsfcmfapN7_17.pth', 'KRQ2DxxzrJiqbsfcmfapN7_77.pth']"
vacant-ghoul-1298,ztqc6k0p,"[mud_turtle,pick,wire-haired_fox_terrier]",5575,Adam,39,11,40,0.8886792659759521,0.3918167054653168,"[0.5098597407341003, 0.47122621536254883, 0.4210161566734314]","[0.29227349162101746, 0.28703418374061584, 0.29844337701797485]","['mGWPWxmJPK9Viy85RYmWU7_10.pth', 'mGWPWxmJPK9Viy85RYmWU7_40.pth']"
creepy-magic-1297,fmirman5,"[airedale,barometer,dock]",8901,SGD,75,10,76,0.8752025961875916,0.4549805521965027,"[0.50098717212677, 0.48656484484672546, 0.4512964189052582]","[0.2719019651412964, 0.27196377515792847, 0.29042544960975647]","['PK5kbkP6VPTSWXzA9RA8NU_9.pth', 'PK5kbkP6VPTSWXzA9RA8NU_76.pth']"
magical-mirage-1296,uzbvnkm0,"[airedale,tow_truck,indigo_bunting]",7526,Adam,48,10,49,0.9102902412414552,0.4687934517860412,"[0.46993929147720337, 0.47712278366088867, 0.40503448247909546]","[0.256898432970047, 0.24980489909648895, 0.26776430010795593]","['nCJjUTpqUe6C2XzjnRXaVs_9.pth', 'nCJjUTpqUe6C2XzjnRXaVs_49.pth']"
tenebrous-incantation-1295,pg8hkp3m,"[cellular_telephone,pick,canoe]",9474,Adam,38,15,39,0.7603748440742493,1.2074934244155884,"[0.5041123628616333, 0.4780083894729614, 0.4514082074165344]","[0.3099944293498993, 0.3055369555950165, 0.3194628357887268]","['nZB9W3KH8JcDARcMUbVgbu_14.pth', 'nZB9W3KH8JcDARcMUbVgbu_39.pth']"
abominable-pitchfork-1294,wziewdmr,"[vizsla,appenzeller,trombone]",5864,Adam,66,18,67,0.8894230723381042,0.5956371426582336,"[0.4948645830154419, 0.45692384243011475, 0.3920765221118927]","[0.2875118851661682, 0.28314220905303955, 0.29099130630493164]","['aeFCERcESoGbB7F9U6iREq_17.pth', 'aeFCERcESoGbB7F9U6iREq_67.pth']"
arcane-labyrinth-1293,ktlkupgy,"[barometer,chimpanzee,vizsla]",6776,SGD,47,19,48,0.8578784465789795,0.5634483098983765,"[0.4864695370197296, 0.4580273926258087, 0.39156001806259155]","[0.2634921669960022, 0.26032862067222595, 0.2674137353897095]","['mwRZKig8QpGnHuuxUGuGmj_18.pth', 'mwRZKig8QpGnHuuxUGuGmj_48.pth']"
restless-seance-1292,il01fybs,"[vizsla,cellular_telephone,breakwater]",1306,SGD,79,14,80,0.8673267364501953,0.5044267773628235,"[0.4929819107055664, 0.4720853269100189, 0.43102121353149414]","[0.268356591463089, 0.2654234766960144, 0.2880175709724426]","['ekDCZxna9Z5sVEHYpqiCeh_13.pth', 'ekDCZxna9Z5sVEHYpqiCeh_80.pth']"
abominable-ripple-1290,22btl51b,"[red_wolf,soft-coated_wheaten_terrier,limpkin]",7392,Adam,50,10,51,0.5892857313156128,10.153937339782717,"[0.46746960282325745, 0.4567570090293884, 0.3708381950855255]","[0.23938018083572388, 0.2313908487558365, 0.24056662619113922]","['UsJ6WfXdevDyfrg2NawvM2_9.pth', 'UsJ6WfXdevDyfrg2NawvM2_51.pth']"
possessed-relic-1289,z5ddoihx,"[planetarium,schooner,strawberry]",5592,Adam,40,11,41,0.9554937481880188,0.1770974248647689,"[0.5412914156913757, 0.47359833121299744, 0.4647381603717804]","[0.27795857191085815, 0.2889379560947418, 0.31353873014450073]","['FnJXHuEeWoYneZbBwBPq3Q_10.pth', 'FnJXHuEeWoYneZbBwBPq3Q_41.pth']"
murky-magic-1288,zyqhpue8,"[acoustic_guitar,barn_spider,airedale]",9721,SGD,59,10,60,0.8073047995567322,0.7846201062202454,"[0.5089156031608582, 0.46251916885375977, 0.3989523947238922]","[0.31217697262763977, 0.3055828809738159, 0.31510454416275024]","['BhTRi5xgHVmSBJabbTXnku_9.pth', 'BhTRi5xgHVmSBJabbTXnku_60.pth']"
ethereal-shadow-1287,qxzy4uu2,"[canoe,ibizan_hound,trombone]",1663,SGD,36,15,37,0.8268015384674072,0.6282482743263245,"[0.4888104498386383, 0.4646657109260559, 0.4220942258834839]","[0.2981463372707367, 0.2934456169605255, 0.3078646957874298]","['Gip6BbDvq5ugrDz4pwKYQ8_14.pth', 'Gip6BbDvq5ugrDz4pwKYQ8_37.pth']"
moonlit-scythe-1286,s8cbzvq6,"[appenzeller,pajama,acoustic_guitar]",5450,SGD,51,10,52,0.855039656162262,0.6042304635047913,"[0.5237634778022766, 0.4696281850337982, 0.4177440106868744]","[0.31386226415634155, 0.3102578818798065, 0.31780245900154114]","['JAnp6hD8jaRsRriQC95otX_9.pth', 'JAnp6hD8jaRsRriQC95otX_52.pth']"
phantasmal-wraith-1285,q9wnrw9z,"[planetarium,pajama,ibizan_hound]",9555,Adam,56,17,57,0.9195046424865724,0.4815945327281952,"[0.4881827235221863, 0.4585472047328949, 0.4308537542819977]","[0.27237772941589355, 0.2654491662979126, 0.28583213686943054]","['RsxfzMhbW8r9i2apBnnrDN_16.pth', 'RsxfzMhbW8r9i2apBnnrDN_57.pth']"
hollow-orb-1284,91e1plw4,"[acoustic_guitar,borzoi,barn_spider]",3627,Adam,79,16,80,0.9018087983131408,0.5783815979957581,"[0.5055992007255554, 0.46221810579299927, 0.4050113260746002]","[0.31564587354660034, 0.3083254098892212, 0.3191172182559967]","['PrDMkYUmBANmYhCwEyrmzV_15.pth', 'PrDMkYUmBANmYhCwEyrmzV_80.pth']"
twisted-dance-1283,zh4ryihl,"[mixing_bowl,ibizan_hound,paddle]",2693,SGD,34,14,35,0.7975543737411499,0.7152589559555054,"[0.5069813132286072, 0.4837239384651184, 0.4385220408439636]","[0.27624043822288513, 0.27092909812927246, 0.29029855132102966]","['KprUqkPc2HiRLrYaLDWBPF_13.pth', 'KprUqkPc2HiRLrYaLDWBPF_35.pth']"
devilish-moon-1282,no0jlifm,"[strawberry,barometer,indigo_bunting]",9789,Adam,64,11,65,0.9815546870231628,0.0925653800368309,"[0.5421374440193176, 0.4682319760322571, 0.391012579202652]","[0.2768665552139282, 0.28559860587120056, 0.29958611726760864]","['m5mGBAaNnuHcjCJXt2LDT7_10.pth', 'm5mGBAaNnuHcjCJXt2LDT7_65.pth']"
cryptic-dance-1281,no520v8o,"[wire-haired_fox_terrier,barn_spider,trombone]",5915,SGD,34,17,35,0.8104906678199768,0.8548387885093689,"[0.4936818778514862, 0.46232330799102783, 0.4209290146827698]","[0.317125141620636, 0.3125646710395813, 0.32042548060417175]","['FJ4PcqHxFFyKdbAVHhAv4G_16.pth', 'FJ4PcqHxFFyKdbAVHhAv4G_35.pth']"
devilish-thorn-1280,4y8pou9w,"[soft-coated_wheaten_terrier,barometer,sewing_machine]",3157,Adam,28,19,29,0.7371794581413269,1.1580241918563845,"[0.5239832401275635, 0.4904076159000397, 0.44794535636901855]","[0.2849041521549225, 0.2867344319820404, 0.2983458936214447]","['7yFkU7JnBhZ3qBYRs5MVp7_18.pth', '7yFkU7JnBhZ3qBYRs5MVp7_29.pth']"
ghastly-cat-1279,26ywqmzr,"[soft-coated_wheaten_terrier,chimpanzee,american_lobster]",9914,SGD,35,11,36,0.731272280216217,1.6569252014160156,"[0.4824770987033844, 0.4395408630371094, 0.3857608735561371]","[0.2698958218097687, 0.2616010010242462, 0.26163652539253235]","['m89fA5c3wmJibqDTjSz26E_10.pth', 'm89fA5c3wmJibqDTjSz26E_36.pth']"
howling-nightmare-1278,3mfb0ag2,"[borzoi,mashed_potato,necklace]",6668,Adam,27,18,28,0.9079837799072266,0.4976896941661834,"[0.5454729795455933, 0.5005345344543457, 0.43712136149406433]","[0.2743082344532013, 0.2739689350128174, 0.28838014602661133]","['bDvfb7YjFuoHoJD7xWJpgB_17.pth', 'bDvfb7YjFuoHoJD7xWJpgB_28.pth']"
eerie-rift-1277,hqrfhavo,"[american_lobster,lesser_panda,mixing_bowl]",1059,Adam,39,14,40,0.8802902102470398,0.6726559400558472,"[0.5008769631385803, 0.4427247643470764, 0.37995946407318115]","[0.2790212631225586, 0.2747386395931244, 0.28296592831611633]","['7ZGNXdvyr6UTLsuQKwBpHA_13.pth', '7ZGNXdvyr6UTLsuQKwBpHA_40.pth']"
sleepless-bat-1276,8976knpy,"[borzoi,police_van,soft-coated_wheaten_terrier]",4636,SGD,37,12,38,0.7892031073570251,0.7766575217247009,"[0.46279919147491455, 0.4510633945465088, 0.4101267158985138]","[0.2607601583003998, 0.25310808420181274, 0.26143690943717957]","['geZRzw4Z7ASSk5vuceko3o_11.pth', 'geZRzw4Z7ASSk5vuceko3o_38.pth']"
lurking-labyrinth-1275,ubfvb3kw,"[pug,tow_truck,schooner]",3242,SGD,51,11,52,0.8835979104042053,0.515501856803894,"[0.49763360619544983, 0.4985358417034149, 0.4899771809577942]","[0.2731049358844757, 0.2700059711933136, 0.28727564215660095]","['jqte5WSnBTVBnJCA6q6MXZ_10.pth', 'jqte5WSnBTVBnJCA6q6MXZ_52.pth']"
obscure-scarecrow-1274,187oyjl1,"[mashed_potato,mixing_bowl,sea_slug]",1678,SGD,38,15,39,0.823221743106842,0.5644110441207886,"[0.4957882761955261, 0.43865612149238586, 0.35987213253974915]","[0.283499151468277, 0.27474698424339294, 0.27850615978240967]","['2ntnJt77KxYPQaFzkW4Aiv_14.pth', '2ntnJt77KxYPQaFzkW4Aiv_39.pth']"
grim-gargoyle-1273,fqldl6wb,"[vacuum,mixing_bowl,bolete]",6892,Adam,56,12,57,0.8366666436195374,0.9751185178756714,"[0.536206066608429, 0.5023831129074097, 0.4455779790878296]","[0.3032281994819641, 0.3044588267803192, 0.3229270279407501]","['F2WkFsEZ6GoPiLDQazAuq9_11.pth', 'F2WkFsEZ6GoPiLDQazAuq9_57.pth']"
strange-cobweb-1272,m8bicriv,"[ruddy_turnstone,planetarium,acoustic_guitar]",6374,Adam,49,13,50,0.8965517282485962,0.3560077548027038,"[0.518663227558136, 0.48799559473991394, 0.4551685154438019]","[0.29827478528022766, 0.29473239183425903, 0.3132477402687073]","['DprYVqsWJNKfyWfYpsrtrA_12.pth', 'DprYVqsWJNKfyWfYpsrtrA_50.pth']"
somber-ripple-1271,vh5ebril,"[indigo_bunting,necklace,angora]",7574,Adam,39,14,40,0.9385026693344116,0.3072890043258667,"[0.5102173089981079, 0.5058319568634033, 0.44124317169189453]","[0.2684430181980133, 0.25945377349853516, 0.2798044681549072]","['EvCbFJxDr4gRJ6dGyvo2f8_13.pth', 'EvCbFJxDr4gRJ6dGyvo2f8_40.pth']"
restless-fantasy-1270,a2ub7lld,"[soft-coated_wheaten_terrier,sea_slug,canoe]",1757,SGD,29,10,30,0.8519269824028015,0.5308930277824402,"[0.4543282389640808, 0.42470282316207886, 0.3649420738220215]","[0.26598310470581055, 0.2534986138343811, 0.2608304023742676]","['BDhYq7f7QvTUKobxKv4F6F_9.pth', 'BDhYq7f7QvTUKobxKv4F6F_30.pth']"
moonlit-horseman-1269,ie1paiz5,"[angora,mashed_potato,airedale]",6019,SGD,21,18,22,0.8033707737922668,0.7338250875473022,"[0.5057355761528015, 0.4595087170600891, 0.3842584490776062]","[0.2634180784225464, 0.2578602731227875, 0.26476848125457764]","['BeVvrFQ6z6vvqVejSuoxQB_17.pth', 'BeVvrFQ6z6vvqVejSuoxQB_22.pth']"
vacant-dance-1268,nsdm2oe5,"[ruddy_turnstone,running_shoe,missile]",5116,Adam,64,10,65,0.8723926544189453,0.7961511611938477,"[0.5067015886306763, 0.5012255907058716, 0.4870236814022064]","[0.26753953099250793, 0.2643149197101593, 0.28235867619514465]","['gUsU8vbRCMqUWuxu4oiaFM_9.pth', 'gUsU8vbRCMqUWuxu4oiaFM_65.pth']"
twisted-phantom-1267,b9z6vb6v,"[ruddy_turnstone,mud_turtle,chambered_nautilus]",8755,SGD,73,15,74,0.849056601524353,0.628203809261322,"[0.4658115804195404, 0.44794589281082153, 0.40634259581565857]","[0.262943834066391, 0.2533027231693268, 0.2609342932701111]","['dDyv43SjZ8d4WEoMTKiekr_14.pth', 'dDyv43SjZ8d4WEoMTKiekr_74.pth']"
eerie-trouble-1266,imo8xu6k,"[sewing_machine,wire-haired_fox_terrier,angora]",7408,Adam,63,13,64,0.6075268983840942,5.848538875579834,"[0.5119686126708984, 0.4807182550430298, 0.44441238045692444]","[0.2871641218662262, 0.288149356842041, 0.29949110746383667]","['9zaeZoPRRjHVbNFH9ALEKz_12.pth', '9zaeZoPRRjHVbNFH9ALEKz_64.pth']"
crawly-sorcery-1265,jbns7bze,"[sewing_machine,bolete,canoe]",2790,SGD,52,18,53,0.8768420815467834,0.5433101654052734,"[0.47999346256256104, 0.4532245099544525, 0.3969411551952362]","[0.2806564271450043, 0.2760438323020935, 0.29096728563308716]","['GBRmdXBShSPigPkfXcr3Zo_17.pth', 'GBRmdXBShSPigPkfXcr3Zo_53.pth']"
mystical-scream-1264,it96g0jb,"[airedale,otterhound,crash_helmet]",863,Adam,56,14,57,0.7560553550720215,1.4605858325958252,"[0.497039258480072, 0.47125619649887085, 0.4188598394393921]","[0.29084113240242004, 0.28342172503471375, 0.2908269166946411]","['37dvuCcmHQZFq5X5E4LVbq_13.pth', '37dvuCcmHQZFq5X5E4LVbq_57.pth']"
trembling-imp-1263,7kcv3ah4,"[acoustic_guitar,mixing_bowl,borzoi]",7858,SGD,64,11,65,0.8146067261695862,0.7676962018013,"[0.5301650166511536, 0.4827304780483246, 0.4275822043418884]","[0.3108533024787903, 0.30877092480659485, 0.3214879333972931]","['2eGS2DhfjNLMCg3u7xSBst_10.pth', '2eGS2DhfjNLMCg3u7xSBst_65.pth']"
forlorn-raven-1262,yi4y75hf,"[ruddy_turnstone,pug,strawberry]",1484,Adam,23,19,24,0.9074074029922484,0.3350158929824829,"[0.5453212857246399, 0.45757097005844116, 0.4123167395591736]","[0.26783645153045654, 0.2759788930416107, 0.28574076294898987]","['fB936aA2c7j992T4W44wvY_18.pth', 'fB936aA2c7j992T4W44wvY_24.pth']"
vacant-omen-1261,j1tqhot2,"[trombone,strawberry,necklace]",7035,SGD,55,17,56,0.8476084470748901,0.5505615472793579,"[0.577482283115387, 0.47900357842445374, 0.4388965964317322]","[0.3098665773868561, 0.3256758749485016, 0.3344118595123291]","['Bp6nx5TjaY5m2cFhZLnSfE_16.pth', 'Bp6nx5TjaY5m2cFhZLnSfE_56.pth']"
lurking-werewolf-1260,sqc0ax65,"[trombone,mixing_bowl,chimpanzee]",7721,Adam,34,19,35,0.8566666841506958,0.6777933239936829,"[0.49654147028923035, 0.4704914093017578, 0.42756980657577515]","[0.30780115723609924, 0.30564457178115845, 0.30844926834106445]","['EPBvJ96NVkYT4ihEhBxHgp_18.pth', 'EPBvJ96NVkYT4ihEhBxHgp_35.pth']"
dire-bat-1259,c58w86os,"[dock,black_and_gold_garden_spider,sea_slug]",5977,SGD,51,13,52,0.9329268336296082,0.3440775573253631,"[0.4396464228630066, 0.42753317952156067, 0.35871610045433044]","[0.26407110691070557, 0.2554122507572174, 0.2698347568511963]","['9jJvvyb8sQowB9xdKmXH7G_12.pth', '9jJvvyb8sQowB9xdKmXH7G_52.pth']"
macabre-darkness-1258,hd1uantx,"[bolete,chimpanzee,paddle]",5134,Adam,37,19,38,0.8423529267311096,0.7371172308921814,"[0.44710367918014526, 0.4371638298034668, 0.3773021697998047]","[0.26729872822761536, 0.2586301565170288, 0.26404115557670593]","['Z6yi5xV8eJxQGGsfPjRWtv_18.pth', 'Z6yi5xV8eJxQGGsfPjRWtv_38.pth']"
endless-witch-1257,uj23vgvx,"[planetarium,vacuum,police_van]",206,Adam,40,17,41,0.8818792104721069,0.4702107906341553,"[0.5143678784370422, 0.5111985206604004, 0.501071035861969]","[0.3108001947402954, 0.3090730607509613, 0.32338541746139526]","['EM3qm73e6GJuzAE3Gnux9f_16.pth', 'EM3qm73e6GJuzAE3Gnux9f_41.pth']"
tenebrous-orb-1256,h5t90aze,"[barn_spider,american_lobster,otterhound]",4488,SGD,54,14,55,0.8322295546531677,0.7753735780715942,"[0.5101005434989929, 0.4341016113758087, 0.37160903215408325]","[0.2859947383403778, 0.2760626971721649, 0.28450122475624084]","['oXcLhJEyXwoTWwnmPtZmVZ_13.pth', 'oXcLhJEyXwoTWwnmPtZmVZ_55.pth']"
strange-spirit-1255,to4zvop3,"[necklace,barometer,tow_truck]",6938,SGD,49,17,50,0.8641975522041321,0.5152684450149536,"[0.5515417456626892, 0.5235216617584229, 0.4962042570114136]","[0.288425087928772, 0.29302674531936646, 0.3058497905731201]","['jWgjXd32hejMv5c3c7A9EY_16.pth', 'jWgjXd32hejMv5c3c7A9EY_50.pth']"
endless-force-1254,buhzk9rf,"[sewing_machine,mud_turtle,ruddy_turnstone]",9062,Adam,46,15,47,0.8959537744522095,0.3658843040466308,"[0.5128810405731201, 0.48714199662208557, 0.4456203281879425]","[0.26764434576034546, 0.267354279756546, 0.28177958726882935]","['DhZLGU8h9zopbeoCUv9yE7_14.pth', 'DhZLGU8h9zopbeoCUv9yE7_47.pth']"
possessed-whisper-1253,0zzmgwef,"[strawberry,tow_truck,police_van]",6910,SGD,51,17,52,0.8423707485198975,0.6301736831665039,"[0.5146268010139465, 0.4349689185619354, 0.40254130959510803]","[0.2895715832710266, 0.29207825660705566, 0.3021202087402344]","['nGx8Dg6WnGbHPKaYYVmqSi_16.pth', 'nGx8Dg6WnGbHPKaYYVmqSi_52.pth']"
forsaken-void-1252,219r86cc,"[breakwater,paddle,carpenter's_kit]",502,Adam,60,19,61,0.8351955413818359,0.9609969854354858,"[0.509182333946228, 0.5138211250305176, 0.5118502378463745]","[0.2834230661392212, 0.2779932916164398, 0.29646122455596924]","['RBVcZcRisKigsMSKkuRF7Z_18.pth', 'RBVcZcRisKigsMSKkuRF7Z_61.pth']"
ethereal-echo-1251,3h9ajovo,"[siamese_cat,tow_truck,sea_slug]",7385,Adam,28,18,29,0.8968481421470642,0.4305773377418518,"[0.4623746871948242, 0.42661720514297485, 0.37900665402412415]","[0.27823784947395325, 0.2706553339958191, 0.2788023054599762]","['ccch2S6UHki7vMNpCFkwKG_17.pth', 'ccch2S6UHki7vMNpCFkwKG_29.pth']"
dreadful-shroud-1250,dhfg39sg,"[chimpanzee,breakwater,ant]",1028,SGD,23,16,24,0.8258426785469055,0.7707222700119019,"[0.47859060764312744, 0.481575608253479, 0.4299575686454773]","[0.262409508228302, 0.25655922293663025, 0.27307167649269104]","['EJgRgUURDSWmTZFMhpNJht_15.pth', 'EJgRgUURDSWmTZFMhpNJht_24.pth']"
toxic-fantasy-1248,424iwzrv,"[necklace,trombone,dock]",3840,SGD,53,12,54,0.843870997428894,0.5236308574676514,"[0.5366778373718262, 0.5100456476211548, 0.49205002188682556]","[0.31301209330558777, 0.31376662850379944, 0.32402417063713074]","['DrMqoFtCaNszUyjVUQ7GjD_11.pth', 'DrMqoFtCaNszUyjVUQ7GjD_54.pth']"
sinister-enchantment-1247,hmtfgti8,"[barn_spider,ruddy_turnstone,pick]",8110,SGD,48,15,49,0.8620154857635498,0.5705502033233643,"[0.510674774646759, 0.48341232538223267, 0.4463946521282196]","[0.2827230393886566, 0.27812227606773376, 0.2919026017189026]","['TJp3Sn8bEAwFmDy8aVzhyN_14.pth', 'TJp3Sn8bEAwFmDy8aVzhyN_49.pth']"
forgotten-tombstone-1246,02105n86,"[trombone,bolete,ant]",5056,SGD,43,15,44,0.8119218945503235,0.6968256235122681,"[0.48924949765205383, 0.4547578692436218, 0.37636834383010864]","[0.2959035634994507, 0.28831911087036133, 0.29760706424713135]","['a3wnNDUDa7GcasdJZUbBVc_14.pth', 'a3wnNDUDa7GcasdJZUbBVc_44.pth']"
faded-disguise-1245,0lx8ovz6,"[ant,ruddy_turnstone,sewing_machine]",9762,SGD,51,14,52,0.8344895839691162,0.631833553314209,"[0.5248724818229675, 0.5012818574905396, 0.44327810406684875]","[0.2701093852519989, 0.26787298917770386, 0.2863726317882538]","['U85ELXxJxEAry8EJCPu8wi_13.pth', 'U85ELXxJxEAry8EJCPu8wi_52.pth']"
tenebrous-newt-1244,denwil4g,"[lesser_panda,carpenter's_kit,black_and_gold_garden_spider]",8154,Adam,50,10,51,0.9591029286384584,0.1868938505649567,"[0.4716736674308777, 0.46459272503852844, 0.3924895226955414]","[0.2779139578342438, 0.2726764678955078, 0.2856237590312958]","['fRSA6gzwD8gJuZiJKMZtKa_9.pth', 'fRSA6gzwD8gJuZiJKMZtKa_51.pth']"
mystical-apparition-1243,oby9s2hv,"[missile,ibizan_hound,trombone]",2731,SGD,65,10,66,0.8141263723373413,0.7002233862876892,"[0.4954019784927368, 0.4769243896007538, 0.44864898920059204]","[0.30292508006095886, 0.2994581460952759, 0.3160877823829651]","['5vLswfJjve3JbjNebQCVex_9.pth', '5vLswfJjve3JbjNebQCVex_66.pth']"
wavering-pumpkin-1242,aj2j41zf,"[crash_helmet,soft-coated_wheaten_terrier,paddle]",8996,SGD,48,18,49,0.806609570980072,0.8182584643363953,"[0.49437829852104187, 0.476289302110672, 0.4430462419986725]","[0.28466036915779114, 0.2765718996524811, 0.288595587015152]","['A7JK94DZpium8iJWxYiXNz_17.pth', 'A7JK94DZpium8iJWxYiXNz_49.pth']"
occult-threshold-1241,z425cpsv,"[carpenter's_kit,barn_spider,lesser_panda]",2454,Adam,54,11,55,0.9157142639160156,0.4038594663143158,"[0.4718121886253357, 0.45210105180740356, 0.3982677757740021]","[0.29059356451034546, 0.2843635082244873, 0.29293060302734375]","['5zUtmyD6sr64SCQDynuZpa_10.pth', '5zUtmyD6sr64SCQDynuZpa_55.pth']"
uncanny-threshold-1240,cxdo16y3,"[barn_spider,pick,pug]",7215,SGD,40,18,41,0.7201257944107056,0.9504821300506592,"[0.49903616309165955, 0.4625554382801056, 0.41896045207977295]","[0.30378758907318115, 0.2956550121307373, 0.3043195605278015]","['GvnXtvQLknkdAeNnFVmpkX_17.pth', 'GvnXtvQLknkdAeNnFVmpkX_41.pth']"
howling-sorcery-1239,6pui80i8,"[crash_helmet,tow_truck,wire-haired_fox_terrier]",3104,Adam,47,13,48,0.8874598145484924,0.6802021265029907,"[0.49192163348197937, 0.47531795501708984, 0.4520719647407532]","[0.29751700162887573, 0.29389530420303345, 0.30470091104507446]","['gGSdGFYGZLNt4qh26LHgsw_12.pth', 'gGSdGFYGZLNt4qh26LHgsw_48.pth']"
distant-sorcery-1238,p50rnwjb,"[missile,pajama,tow_truck]",8392,SGD,52,12,53,0.8317631483078003,0.6832756996154785,"[0.5008761286735535, 0.4834774136543274, 0.4769173562526703]","[0.2789252996444702, 0.2751093804836273, 0.2914036214351654]","['bQXcA2oDxwNCyeiVTvq3aK_11.pth', 'bQXcA2oDxwNCyeiVTvq3aK_53.pth']"
muted-ghost-1237,2h8g77no,"[planetarium,running_shoe,mud_turtle]",6278,Adam,74,12,75,0.8857566714286804,0.5878450870513916,"[0.48122355341911316, 0.4659711718559265, 0.43635818362236023]","[0.2781314253807068, 0.27483054995536804, 0.2938460409641266]","['aPYWHvRkuUXh4qY8N4XEuE_11.pth', 'aPYWHvRkuUXh4qY8N4XEuE_75.pth']"
unsettling-newt-1236,4ersgkl9,"[limpkin,mud_turtle,black_and_gold_garden_spider]",3099,SGD,19,13,20,0.8161647915840149,0.6836003065109253,"[0.4519535005092621, 0.46245014667510986, 0.356461763381958]","[0.23069557547569275, 0.2252780795097351, 0.24304215610027313]","['F2FMtGqTz7G4A9TKi2Z7kH_12.pth', 'F2FMtGqTz7G4A9TKi2Z7kH_20.pth']"
spooky-horseman-1235,alcos03w,"[ant,running_shoe,lesser_panda]",6184,SGD,75,14,76,0.7126789093017578,1.2867436408996582,"[0.4888921082019806, 0.46620526909828186, 0.39348775148391724]","[0.27517807483673096, 0.26981887221336365, 0.2811531722545624]","['6Kq2E4bsWRiHx99oojGE2f_13.pth', '6Kq2E4bsWRiHx99oojGE2f_76.pth']"
distant-memory-1234,t4tf4ltk,"[police_van,running_shoe,acoustic_guitar]",3561,Adam,29,14,30,0.86149001121521,0.5532185435295105,"[0.5113437175750732, 0.47252634167671204, 0.43426385521888733]","[0.31767958402633667, 0.3147064745426178, 0.32540786266326904]","['cMs2Qrqt3NLTpXqVkEr5Kf_13.pth', 'cMs2Qrqt3NLTpXqVkEr5Kf_30.pth']"
crawly-gloom-1233,qqrykego,"[running_shoe,lesser_panda,acoustic_guitar]",5892,SGD,58,15,59,0.8428571224212646,0.6532440185546875,"[0.5047368407249451, 0.464011549949646, 0.40824246406555176]","[0.3097849190235138, 0.30652520060539246, 0.3168458342552185]","['WdVTQHfTPWPEF4jnWqgFcb_14.pth', 'WdVTQHfTPWPEF4jnWqgFcb_59.pth']"
liminal-shroud-1232,jrgvof0c,"[cellular_telephone,otterhound,sewing_machine]",391,Adam,25,14,26,0.7576923370361328,0.9471833109855652,"[0.5247564911842346, 0.492114394903183, 0.4573339521884918]","[0.3103082776069641, 0.31057143211364746, 0.32051658630371094]","['D2KEHtu7utxciWBZ8gjsUx_13.pth', 'D2KEHtu7utxciWBZ8gjsUx_26.pth']"
liminal-fantasy-1231,h2a30blg,"[bolete,chambered_nautilus,borzoi]",6736,Adam,27,19,28,0.900560200214386,0.4126391112804413,"[0.4304870367050171, 0.4064730405807495, 0.34050920605659485]","[0.2760452628135681, 0.2622135281562805, 0.263423889875412]","['CARJ6Hxer5MGJ2rPcnobd3_18.pth', 'CARJ6Hxer5MGJ2rPcnobd3_28.pth']"
ethereal-broomstick-1230,ynx7bpls,"[maillot,mixing_bowl,trombone]",5618,Adam,38,15,39,0.7994579672813416,0.928577721118927,"[0.5459340810775757, 0.505937933921814, 0.47097378969192505]","[0.317379891872406, 0.3184923231601715, 0.32871752977371216]","['7jL5WpXYR2a4Uz9N7tNfD8_14.pth', '7jL5WpXYR2a4Uz9N7tNfD8_39.pth']"
spectral-phantom-1229,fvkg9wkj,"[otterhound,mashed_potato,schooner]",5258,Adam,64,14,65,0.9427083134651184,0.2383719086647033,"[0.533481776714325, 0.513064444065094, 0.46583908796310425]","[0.2619214653968811, 0.2581057548522949, 0.2856704294681549]","['DG5wRWAdnxDEc93tb4v3RF_13.pth', 'DG5wRWAdnxDEc93tb4v3RF_65.pth']"
ghostly-crypt-1228,fcqwnyc7,"[red_wolf,ruddy_turnstone,breakwater]",9687,SGD,41,15,42,0.8908122777938843,0.4190479516983032,"[0.4834911823272705, 0.48752692341804504, 0.4565741717815399]","[0.2341146022081375, 0.23036159574985504, 0.25592711567878723]","['RrsFa56fpXy2RQE7ygioSe_14.pth', 'RrsFa56fpXy2RQE7ygioSe_42.pth']"
scary-newt-1227,feu8ti1d,"[planetarium,red_wolf,sea_slug]",2695,SGD,46,10,47,0.8847059011459351,0.471297413110733,"[0.4364776015281677, 0.41194015741348267, 0.34827274084091187]","[0.2659338116645813, 0.25323617458343506, 0.2625281810760498]","['dxVme7F7UeYJMeraxkUxKw_9.pth', 'dxVme7F7UeYJMeraxkUxKw_47.pth']"
occult-nightmare-1226,ezh1gxdl,"[sewing_machine,pick,running_shoe]",2027,Adam,62,17,63,0.793749988079071,1.3453673124313354,"[0.5333997011184692, 0.4942377507686615, 0.461338073015213]","[0.3080551028251648, 0.31074684858322144, 0.32294827699661255]","['Xd7iSQ3myvabBGeLoQoqGx_16.pth', 'Xd7iSQ3myvabBGeLoQoqGx_63.pth']"
cryptic-werewolf-1225,ajm4pjs5,"[ibizan_hound,chambered_nautilus,limpkin]",5463,SGD,30,18,31,0.8588957190513611,0.5662863850593567,"[0.4425867199897766, 0.4338662028312683, 0.3589586615562439]","[0.26761332154273987, 0.25864478945732117, 0.26638755202293396]","['ZHVRVZ6BEf46KteBRNYT4S_17.pth', 'ZHVRVZ6BEf46KteBRNYT4S_31.pth']"
mystical-coffin-1224,d18v85i7,"[siamese_cat,barn_spider,planetarium]",2568,SGD,53,10,54,0.6805348992347717,2.454278945922852,"[0.46191611886024475, 0.44481518864631653, 0.41914498805999756]","[0.2762298285961151, 0.27048346400260925, 0.28698787093162537]","['JTap33AwrufszHfJt4iGAT_9.pth', 'JTap33AwrufszHfJt4iGAT_54.pth']"
unraveling-magic-1223,5ywlkak9,"[police_van,sea_slug,missile]",8006,Adam,44,18,45,0.9029126167297364,0.4574439823627472,"[0.44108495116233826, 0.42570066452026367, 0.3886612355709076]","[0.27649202942848206, 0.26693373918533325, 0.28209730982780457]","['7ZqnfvQdcVP23awQZytKHL_17.pth', '7ZqnfvQdcVP23awQZytKHL_45.pth']"
faded-monster-1222,rw74m9f9,"[strawberry,running_shoe,dock]",64,Adam,57,12,58,0.8751608729362488,0.6828519105911255,"[0.5433788895606995, 0.4571095108985901, 0.4279397428035736]","[0.2903142273426056, 0.30097031593322754, 0.3161642253398895]","['Ee6vPtLtVHWr9fHW32he4F_11.pth', 'Ee6vPtLtVHWr9fHW32he4F_58.pth']"
possessed-werewolf-1221,2lvqblr1,"[tow_truck,vacuum,mixing_bowl]",2062,Adam,58,10,59,0.8401880264282227,0.8526326417922974,"[0.5581650137901306, 0.5332342386245728, 0.5041647553443909]","[0.30544453859329224, 0.3094152808189392, 0.32433974742889404]","['CpZQ6X3Hkeg8qWFvBkx4Wa_9.pth', 'CpZQ6X3Hkeg8qWFvBkx4Wa_59.pth']"
endless-possession-1220,kxmxi87w,"[airedale,breakwater,barn_spider]",5276,Adam,32,16,33,0.6209552884101868,2.0450735092163086,"[0.4723000228404999, 0.47248998284339905, 0.44058823585510254]","[0.2591454088687897, 0.25481128692626953, 0.27766749262809753]","['P6s7khRPJzSQZCiBs8rFTL_15.pth', 'P6s7khRPJzSQZCiBs8rFTL_33.pth']"
ghoulish-fantasy-1219,hhfxdaly,"[necklace,mashed_potato,pajama]",7208,Adam,66,18,67,0.888010561466217,0.6348965167999268,"[0.566736102104187, 0.5018672943115234, 0.4465371072292328]","[0.27817511558532715, 0.2826438248157501, 0.2951779067516327]","['ePZZH36doz3RPjmETdaTxo_17.pth', 'ePZZH36doz3RPjmETdaTxo_67.pth']"
grim-possession-1218,m7xtu97v,"[cellular_telephone,police_van,vacuum]",8684,Adam,43,17,44,0.7552693486213684,1.3699195384979248,"[0.5273363590240479, 0.5088393092155457, 0.4896063208580017]","[0.3216829299926758, 0.32149577140808105, 0.33098098635673523]","['XePQuYNX2yFLnkWv4aFs3H_16.pth', 'XePQuYNX2yFLnkWv4aFs3H_44.pth']"
distant-claw-1217,sxzcaxx1,"[canoe,strawberry,barn_spider]",8571,SGD,55,13,56,0.8764880895614624,0.5271666646003723,"[0.5211530327796936, 0.42717814445495605, 0.37695375084877014]","[0.28626132011413574, 0.2853430509567261, 0.29714322090148926]","['azLB4obAdfZ2FPJVwoibKo_12.pth', 'azLB4obAdfZ2FPJVwoibKo_56.pth']"
abominable-incantation-1216,5xklr91e,"[running_shoe,pick,maillot]",6331,Adam,59,19,60,0.7609970569610596,1.4079101085662842,"[0.54449862241745, 0.5043012499809265, 0.47658783197402954]","[0.3100104331970215, 0.3110612630844116, 0.3234504163265228]","['RLWSfuoAhxSACt2NEG6xCy_18.pth', 'RLWSfuoAhxSACt2NEG6xCy_60.pth']"
venomous-shroud-1215,jcz339vg,"[wire-haired_fox_terrier,dock,strawberry]",4859,SGD,43,11,44,0.91304349899292,0.4499649703502655,"[0.5459834933280945, 0.44223660230636597, 0.40991413593292236]","[0.28204455971717834, 0.2926189601421356, 0.3086382746696472]","['Zhdme3mCqqZnYqms3VxLTi_10.pth', 'Zhdme3mCqqZnYqms3VxLTi_44.pth']"
macabre-darkness-1214,2yk3aoj4,"[breakwater,maillot,running_shoe]",4887,Adam,45,12,46,0.8824362754821777,0.644342303276062,"[0.5185317993164062, 0.5118065476417542, 0.5043292045593262]","[0.28137263655662537, 0.2795310616493225, 0.29744952917099]","['e6EE6zvmBRtAGNYKhb7TDd_11.pth', 'e6EE6zvmBRtAGNYKhb7TDd_46.pth']"
distant-fang-1213,qr9o9dbi,"[barometer,mashed_potato,ibizan_hound]",9268,SGD,59,16,60,0.8179148435592651,0.6946337819099426,"[0.5260639786720276, 0.47696560621261597, 0.3997044265270233]","[0.2736942172050476, 0.2739083468914032, 0.28746914863586426]","['bGY3USiecLc5ebm45LaSSU_15.pth', 'bGY3USiecLc5ebm45LaSSU_60.pth']"
mystical-treat-1212,9nzdt6bg,"[strawberry,trombone,mashed_potato]",878,SGD,30,12,31,0.8636363744735718,0.4869358539581299,"[0.5594295263290405, 0.44924619793891907, 0.3845631778240204]","[0.30568981170654297, 0.31594792008399963, 0.3213135004043579]","['Wd3sykj8swbYp54YX6xj9z_11.pth', 'Wd3sykj8swbYp54YX6xj9z_31.pth']"
scary-pitchfork-1211,o1f32puw,"[limpkin,ibizan_hound,cellular_telephone]",8529,Adam,56,19,57,0.8853333592414856,0.4950262308120727,"[0.4805455803871155, 0.4686438739299774, 0.40268078446388245]","[0.27712127566337585, 0.27280187606811523, 0.29010212421417236]","['QeyskQqhhzzrWvZrTXx3wa_18.pth', 'QeyskQqhhzzrWvZrTXx3wa_57.pth']"
unraveling-fang-1210,h8ju0w0i,"[carpenter's_kit,limpkin,barn_spider]",7916,Adam,41,19,42,0.8450000286102295,0.7021664381027222,"[0.4858304262161255, 0.47924697399139404, 0.41395220160484314]","[0.28300413489341736, 0.27788034081459045, 0.2960517406463623]","['2HDhNdy6GEJvYy4ZjgVyiH_18.pth', '2HDhNdy6GEJvYy4ZjgVyiH_42.pth']"
spooky-fog-1209,fka0d39u,"[police_van,necklace,maillot]",6863,Adam,32,16,33,0.901081919670105,0.5291898250579834,"[0.5343168377876282, 0.5124594569206238, 0.49162766337394714]","[0.293336421251297, 0.28902602195739746, 0.2978845238685608]","['78FWChmTzQExAhzsbhvqcf_15.pth', '78FWChmTzQExAhzsbhvqcf_33.pth']"
supernatural-abyss-1208,9u4bp2jo,"[trombone,chambered_nautilus,sewing_machine]",7892,SGD,59,15,60,0.7867803573608398,0.737532377243042,"[0.4982219338417053, 0.46133023500442505, 0.42917725443840027]","[0.3262281119823456, 0.32349368929862976, 0.32947126030921936]","['cNfXYmGmMpVCd9nRaifz95_14.pth', 'cNfXYmGmMpVCd9nRaifz95_60.pth']"
supernatural-wizard-1207,bxhzh5rb,"[mud_turtle,barn_spider,airedale]",6439,SGD,68,12,69,0.6493955254554749,1.7212364673614502,"[0.4682838022708893, 0.44366633892059326, 0.37250614166259766]","[0.260733038187027, 0.2504567503929138, 0.25592297315597534]","['FD4QNQAhZawgcFt26CtTax_11.pth', 'FD4QNQAhZawgcFt26CtTax_69.pth']"
muted-fog-1206,p3s6s572,"[soft-coated_wheaten_terrier,canoe,tow_truck]",7869,SGD,63,15,64,0.8352059721946716,0.5781691074371338,"[0.4799369275569916, 0.46874961256980896, 0.4332837760448456]","[0.26284855604171753, 0.2568446695804596, 0.27257758378982544]","['BAkyC4ChkqzKsJ9gUtGxZJ_14.pth', 'BAkyC4ChkqzKsJ9gUtGxZJ_64.pth']"
paranormal-labyrinth-1205,uv06o06l,"[running_shoe,vizsla,tow_truck]",1016,SGD,75,13,76,0.8151016235351562,0.7131455540657043,"[0.50126051902771, 0.468034952878952, 0.41567346453666687]","[0.2695992887020111, 0.2676461637020111, 0.2846331298351288]","['jdo6sZJn2zbsdJphC7zAMP_12.pth', 'jdo6sZJn2zbsdJphC7zAMP_76.pth']"
frightful-spirit-1204,3i1xj7c4,"[tow_truck,bolete,angora]",9467,SGD,32,13,33,0.8954081535339355,0.4170238077640533,"[0.4593786895275116, 0.4336436688899994, 0.37938985228538513]","[0.26715102791786194, 0.26146432757377625, 0.27406054735183716]","['a7VQ5jVRKvNQpPvdqoK56e_12.pth', 'a7VQ5jVRKvNQpPvdqoK56e_33.pth']"
creepy-glimpse-1203,sp44hfx0,"[vizsla,lesser_panda,sea_slug]",7629,SGD,37,18,38,0.8219727277755737,0.6159053444862366,"[0.45515522360801697, 0.41449666023254395, 0.3323087692260742]","[0.2603064477443695, 0.2473512887954712, 0.2470463216304779]","['JSJkQKizxhwrFVpPtz3b3h_17.pth', 'JSJkQKizxhwrFVpPtz3b3h_38.pth']"
supernatural-ripple-1202,s6fpzjsr,"[appenzeller,lesser_panda,mixing_bowl]",995,SGD,27,16,28,0.8642857074737549,0.6119984984397888,"[0.47630774974823, 0.45546847581863403, 0.38937821984291077]","[0.2781126797199249, 0.2739557921886444, 0.27842777967453003]","['DhUVmTLRezLbnoSshESMUV_15.pth', 'DhUVmTLRezLbnoSshESMUV_28.pth']"
shadowed-crypt-1201,9jt93qky,"[vizsla,tow_truck,canoe]",4297,Adam,43,10,44,0.8392857313156128,0.8241060376167297,"[0.4835631549358368, 0.4579368531703949, 0.4028685390949249]","[0.2562715411186218, 0.2505507469177246, 0.2696620225906372]","['eC7C5VC3Gn5xAczhJbKhB8_9.pth', 'eC7C5VC3Gn5xAczhJbKhB8_44.pth']"
creepy-disguise-1200,1ftv6882,"[vacuum,pug,barn_spider]",161,Adam,43,13,44,0.732876718044281,1.2475723028182983,"[0.538863480091095, 0.5137821435928345, 0.47551384568214417]","[0.3124581277370453, 0.3113939166069031, 0.3238269090652466]","['WRQGZK2z2WgdChdDU5cBkd_12.pth', 'WRQGZK2z2WgdChdDU5cBkd_44.pth']"
paranormal-mummy-1199,45szpzrd,"[american_lobster,vacuum,black_and_gold_garden_spider]",5675,Adam,19,15,20,0.8763157725334167,1.2279497385025024,"[0.5531131029129028, 0.5107756853103638, 0.4495875835418701]","[0.2990550100803375, 0.30267757177352905, 0.3262538015842438]","['5Ci6ty3KWBF5hAenWrWq8w_14.pth', '5Ci6ty3KWBF5hAenWrWq8w_20.pth']"
enchanted-candle-1198,jb06rlnf,"[pick,trombone,dock]",6873,Adam,67,10,68,0.8245614171028137,0.9905507564544678,"[0.5139890909194946, 0.4832371473312378, 0.46488431096076965]","[0.32613879442214966, 0.325152188539505, 0.3366897404193878]","['ZJybP5fKQRs3JxWaSQgLxi_9.pth', 'ZJybP5fKQRs3JxWaSQgLxi_68.pth']"
strange-spell-1197,5jz48dyf,"[cellular_telephone,bolete,chimpanzee]",9692,Adam,65,17,66,0.8900112509727478,0.7117182016372681,"[0.45248541235923767, 0.43385669589042664, 0.37590491771698]","[0.2862582802772522, 0.2793235182762146, 0.28132349252700806]","['gYGvPkA7VCPiTJzHQcxQCK_16.pth', 'gYGvPkA7VCPiTJzHQcxQCK_66.pth']"
occult-darkness-1196,1esha0qb,"[siamese_cat,maillot,schooner]",7989,SGD,19,12,20,0.8731241226196289,0.4548626244068146,"[0.5196188688278198, 0.5098538994789124, 0.5025248527526855]","[0.27525922656059265, 0.27190977334976196, 0.28704607486724854]","['FreABpoNLEZpKqLmAyh4r8_11.pth', 'FreABpoNLEZpKqLmAyh4r8_20.pth']"
shadowed-lantern-1195,20bm1gys,"[mashed_potato,sewing_machine,police_van]",3843,SGD,71,15,72,0.6828729510307312,2.481750965118408,"[0.5074440240859985, 0.46780043840408325, 0.41512489318847656]","[0.28978100419044495, 0.2876043915748596, 0.2971017360687256]","['kQpCTsEnBQLFgvEcYHra9s_14.pth', 'kQpCTsEnBQLFgvEcYHra9s_72.pth']"
ghastly-pitchfork-1194,k9fkolg5,"[ruddy_turnstone,black_and_gold_garden_spider,crash_helmet]",1021,Adam,45,14,46,0.9393103718757628,0.278910219669342,"[0.4873613715171814, 0.487201988697052, 0.43385010957717896]","[0.2658826410770416, 0.2591891586780548, 0.27883562445640564]","['T3MuFUKxxvpSeFWeMFoN9z_13.pth', 'T3MuFUKxxvpSeFWeMFoN9z_46.pth']"
crawly-disguise-1193,pwvswn1r,"[limpkin,mixing_bowl,planetarium]",3073,Adam,50,14,51,0.9129793643951416,0.355506956577301,"[0.4891282618045807, 0.48623621463775635, 0.43166863918304443]","[0.2659182846546173, 0.26377809047698975, 0.29085373878479004]","['KashEjiqdFEuEcB5bUEPut_13.pth', 'KashEjiqdFEuEcB5bUEPut_51.pth']"
eldritch-zombie-1192,o9xpx5kg,"[indigo_bunting,necklace,trombone]",7555,SGD,38,11,39,0.852838933467865,0.5137770175933838,"[0.5205751061439514, 0.5072612762451172, 0.4481750428676605]","[0.30117976665496826, 0.29560351371765137, 0.31214261054992676]","['iCcqX9YnfHpRAjqz3ZRqup_10.pth', 'iCcqX9YnfHpRAjqz3ZRqup_39.pth']"
strange-crypt-1191,cb19iydx,"[tow_truck,siamese_cat,police_van]",3943,SGD,40,19,41,0.8461538553237915,0.5795679688453674,"[0.46919238567352295, 0.45050352811813354, 0.4274229109287262]","[0.27709993720054626, 0.27408739924430847, 0.28355786204338074]","['M4iF8Jyv7rHXyfkx94VRDj_18.pth', 'M4iF8Jyv7rHXyfkx94VRDj_41.pth']"
endless-rift-1190,j47uknj9,"[missile,maillot,chambered_nautilus]",1585,SGD,48,11,49,0.5237258076667786,7.464115142822266,"[0.4822503924369812, 0.4799347519874573, 0.4732167422771454]","[0.3049708604812622, 0.29370221495628357, 0.30679890513420105]","['5mrfty7MCBVEssB6e5r66E_10.pth', '5mrfty7MCBVEssB6e5r66E_49.pth']"
elusive-candle-1189,u6z9mikn,"[barn_spider,carpenter's_kit,missile]",3152,Adam,40,18,41,0.8550246953964233,0.7456755638122559,"[0.49802449345588684, 0.49610480666160583, 0.48430970311164856]","[0.3001338243484497, 0.2928708493709564, 0.3104030191898346]","['juj6P8jdHXezkxnxcdHfZF_17.pth', 'juj6P8jdHXezkxnxcdHfZF_41.pth']"
ineffable-thriller-1188,h288eyrl,"[chimpanzee,barn_spider,running_shoe]",8226,Adam,40,19,41,0.8102766871452332,1.0722131729125977,"[0.4694604277610779, 0.45790889859199524, 0.41456305980682373]","[0.28758323192596436, 0.2839174270629883, 0.28798219561576843]","['CNLpE2ejuV6bzKLhAazRxp_18.pth', 'CNLpE2ejuV6bzKLhAazRxp_41.pth']"
grim-shroud-1187,bzlqer9u,"[appenzeller,pug,american_lobster]",775,Adam,46,17,47,0.8265734314918518,1.130058526992798,"[0.5032918453216553, 0.4478049576282501, 0.3904919922351837]","[0.2824375033378601, 0.27649128437042236, 0.28079646825790405]","['HHh37iN7pRtKAmdvTYx4vx_16.pth', 'HHh37iN7pRtKAmdvTYx4vx_47.pth']"
lurking-fantasy-1186,79gicukq,"[crash_helmet,ant,chambered_nautilus]",9670,Adam,51,16,52,0.8658064603805542,0.6612436771392822,"[0.48171326518058777, 0.45897775888442993, 0.3981277048587799]","[0.30307355523109436, 0.2909795045852661, 0.298288494348526]","['ncUd5mS2dGMSiLDK5AYi6H_15.pth', 'ncUd5mS2dGMSiLDK5AYi6H_52.pth']"
liminal-jitter-1185,0m2cg1oa,"[indigo_bunting,black_and_gold_garden_spider,sea_slug]",7099,Adam,48,15,49,0.9515418410301208,0.2380470782518386,"[0.4353707432746887, 0.434566855430603, 0.3313330411911011]","[0.2550964653491974, 0.24411173164844513, 0.24884474277496338]","['GWgQzN7KGjdENpjtdHRoQQ_14.pth', 'GWgQzN7KGjdENpjtdHRoQQ_49.pth']"
crawly-ritual-1184,ssetqldl,"[siamese_cat,planetarium,police_van]",5486,Adam,49,10,50,0.9319371581077576,0.3530133366584778,"[0.4551422894001007, 0.44341081380844116, 0.42651885747909546]","[0.27342846989631653, 0.26965051889419556, 0.2842654585838318]","['VATS2Pp4g4AEyTDTQtWktA_9.pth', 'VATS2Pp4g4AEyTDTQtWktA_50.pth']"
devilish-mirage-1183,ev2z84o3,"[cellular_telephone,borzoi,american_lobster]",6235,SGD,49,19,50,0.7852256894111633,0.7855769991874695,"[0.5107084512710571, 0.4554145634174347, 0.4150400757789612]","[0.2967315912246704, 0.29307428002357483, 0.3052178919315338]","['FtAGHeY4MNzggooPvfzDBH_18.pth', 'FtAGHeY4MNzggooPvfzDBH_50.pth']"
unraveling-ghost-1182,n37gq0fq,"[angora,mud_turtle,crash_helmet]",9555,Adam,79,19,80,0.879879891872406,0.7118683457374573,"[0.4820490777492523, 0.45513999462127686, 0.4150349497795105]","[0.2833326458930969, 0.27729105949401855, 0.2864334285259247]","['3ZrtnchCcckQWUfbA8uakA_18.pth', '3ZrtnchCcckQWUfbA8uakA_80.pth']"
ethereal-possession-1181,cv8aynln,"[strawberry,angora,chimpanzee]",7041,Adam,32,18,33,0.9339045286178588,0.2183629125356674,"[0.510985255241394, 0.42748650908470154, 0.3783046007156372]","[0.2824231684207916, 0.2826611399650574, 0.28270259499549866]","['G6yHtNR2jfR8Ht9TFrG9m7_17.pth', 'G6yHtNR2jfR8Ht9TFrG9m7_33.pth']"
silent-whisper-1180,14htgn66,"[siamese_cat,pajama,mud_turtle]",2612,Adam,44,11,45,0.8508997559547424,0.5484030842781067,"[0.4983305335044861, 0.4510965347290039, 0.4118262827396393]","[0.2693018913269043, 0.26366549730300903, 0.27125948667526245]","['FGAYz5KTXuMPu4MmBGCrVi_10.pth', 'FGAYz5KTXuMPu4MmBGCrVi_45.pth']"
obscure-echo-1179,uzuco95d,"[maillot,ruddy_turnstone,mud_turtle]",7513,Adam,65,16,66,0.9030612111091614,0.4813996255397796,"[0.5180162787437439, 0.4995570182800293, 0.4598856568336487]","[0.25120437145233154, 0.24486428499221802, 0.2617783844470978]","['8T4a4NqrXCrRaebx3cZLcT_15.pth', '8T4a4NqrXCrRaebx3cZLcT_66.pth']"
ethereal-spirit-1178,0iv9avee,"[planetarium,breakwater,sea_slug]",8433,SGD,76,12,77,0.866590678691864,0.5494995713233948,"[0.44610339403152466, 0.4362465441226959, 0.40783441066741943]","[0.267837256193161, 0.26211392879486084, 0.2874719202518463]","['ThEu6qa5mh5rtdRkBAAAMP_11.pth', 'ThEu6qa5mh5rtdRkBAAAMP_77.pth']"
ghostly-gargoyle-1177,5jra54qg,"[pug,otterhound,mashed_potato]",8792,Adam,59,14,60,0.8227194547653198,2.43208646774292,"[0.521104633808136, 0.46865060925483704, 0.38595542311668396]","[0.2731247842311859, 0.2663750648498535, 0.2712375223636627]","['2qrZZxz7s2pw8jZpc3uQ6w_13.pth', '2qrZZxz7s2pw8jZpc3uQ6w_60.pth']"
muted-goblin-1176,4lxmot4t,"[indigo_bunting,dock,canoe]",5393,SGD,45,19,46,0.8224582672119141,0.6884413957595825,"[0.4485832750797272, 0.47877153754234314, 0.42378532886505127]","[0.24580521881580353, 0.23750141263008118, 0.2682061791419983]","['NTC953tsivv7rvRbPveqVv_18.pth', 'NTC953tsivv7rvRbPveqVv_46.pth']"
ominous-shroud-1175,snf4rzoj,"[police_van,siamese_cat,airedale]",8838,Adam,48,16,49,0.8722891807556152,0.5048368573188782,"[0.46975651383399963, 0.4456785321235657, 0.4052308201789856]","[0.2684689462184906, 0.26299548149108887, 0.2700481116771698]","['P2LArrtfTHkt5zwvjHBUbJ_15.pth', 'P2LArrtfTHkt5zwvjHBUbJ_49.pth']"
forgotten-beast-1174,sbq9t1sz,"[maillot,pug,wire-haired_fox_terrier]",3890,SGD,19,19,20,0.421686738729477,4.969111919403076,"[0.5172187685966492, 0.49254748225212097, 0.4549388587474823]","[0.2839265465736389, 0.2763228714466095, 0.2868621349334717]","['mpTyNaBs7GkBhBAbusY8rr_18.pth', 'mpTyNaBs7GkBhBAbusY8rr_20.pth']"
distant-treat-1173,1r915p26,"[mixing_bowl,sea_slug,wire-haired_fox_terrier]",3556,SGD,44,19,45,0.8906633853912354,0.4358261823654175,"[0.47899818420410156, 0.4364984333515167, 0.3722069561481476]","[0.2837204337120056, 0.2745252251625061, 0.2812538146972656]","['h7CTx9uA6t7eE3Znm5TcWD_18.pth', 'h7CTx9uA6t7eE3Znm5TcWD_45.pth']"
shadowed-cobweb-1172,wgs5di6h,"[breakwater,black_and_gold_garden_spider,ruddy_turnstone]",1528,SGD,45,14,46,0.8994490504264832,0.4270749986171722,"[0.48248887062072754, 0.5026274919509888, 0.4657699763774872]","[0.23336410522460938, 0.22850055992603302, 0.2626797556877136]","['WuJCb47eH7eXnQiNB2hQoJ_13.pth', 'WuJCb47eH7eXnQiNB2hQoJ_46.pth']"
forgotten-claw-1171,9wiwkpyj,"[tow_truck,red_wolf,crash_helmet]",1267,SGD,26,16,27,0.7560321688652039,1.219933032989502,"[0.47767794132232666, 0.46076226234436035, 0.41804325580596924]","[0.28650352358818054, 0.281255841255188, 0.2918720543384552]","['fFUxenKM4yd6fopwn3qD5t_15.pth', 'fFUxenKM4yd6fopwn3qD5t_27.pth']"
ineffable-cauldron-1170,eby43a6k,"[wire-haired_fox_terrier,mashed_potato,crash_helmet]",7734,Adam,45,18,46,0.9006514549255371,0.4067138433456421,"[0.5167168974876404, 0.4706140458583832, 0.4082474112510681]","[0.29408034682273865, 0.28902098536491394, 0.2973417341709137]","['VosYUcDPcYy986N7bBMQkQ_17.pth', 'VosYUcDPcYy986N7bBMQkQ_46.pth']"
sleepless-disguise-1169,ablz4vba,"[borzoi,angora,planetarium]",1899,Adam,74,16,75,0.848142147064209,1.040607213973999,"[0.46182936429977417, 0.45513254404067993, 0.42968177795410156]","[0.263759583234787, 0.2592185437679291, 0.27892693877220154]","['SQjYoJGfHjrBKuZEqcncqb_15.pth', 'SQjYoJGfHjrBKuZEqcncqb_75.pth']"
spectral-crypt-1168,xizsgp02,"[siamese_cat,running_shoe,pug]",4658,SGD,43,14,44,0.7098901271820068,1.0084394216537476,"[0.4993133842945099, 0.4664930999279022, 0.4314231276512146]","[0.2835821807384491, 0.2809188663959503, 0.2892131805419922]","['TvcLonYMW8vsVurAeZqQJF_13.pth', 'TvcLonYMW8vsVurAeZqQJF_44.pth']"
howling-seance-1167,2mao0cdy,"[mud_turtle,chambered_nautilus,missile]",3005,SGD,29,13,30,0.8239095211029053,0.6082096695899963,"[0.4495488405227661, 0.4450919032096863, 0.4215947389602661]","[0.28276947140693665, 0.2734486758708954, 0.28814154863357544]","['gDiwxdfc2TdGvRJAUzWmku_12.pth', 'gDiwxdfc2TdGvRJAUzWmku_30.pth']"
ineffable-skeleton-1166,oim1flzx,"[american_lobster,vizsla,necklace]",2734,SGD,29,14,30,0.840624988079071,0.5388987064361572,"[0.5394799113273621, 0.4725450873374939, 0.4084242880344391]","[0.2672157287597656, 0.2678459584712982, 0.28365495800971985]","['M8DQQZgH2bYxrwSNDUub9h_13.pth', 'M8DQQZgH2bYxrwSNDUub9h_30.pth']"
possessed-horseman-1165,8tj0sgtk,"[lesser_panda,mashed_potato,pick]",189,SGD,50,13,51,0.8915956020355225,0.3842735886573791,"[0.4960874319076538, 0.45051589608192444, 0.3740960955619812]","[0.2877665162086487, 0.2819960117340088, 0.28707802295684814]","['hHLjAHiYrvrBrpmpAcfdj6_12.pth', 'hHLjAHiYrvrBrpmpAcfdj6_51.pth']"
strange-skull-1164,hwwrobte,"[police_van,ruddy_turnstone,acoustic_guitar]",9998,SGD,61,18,62,0.939226508140564,0.2196427285671234,"[0.5090746283531189, 0.4771859645843506, 0.4386168420314789]","[0.2990373969078064, 0.29456523060798645, 0.3065715432167053]","['TjReEM9t34rLtgT8od2fPj_17.pth', 'TjReEM9t34rLtgT8od2fPj_62.pth']"
forlorn-seance-1163,t3r288qo,"[barn_spider,acoustic_guitar,mixing_bowl]",9167,Adam,24,12,25,0.8776009678840637,0.4425871074199677,"[0.5348526835441589, 0.4839431047439575, 0.4284619092941284]","[0.3205922842025757, 0.3180936872959137, 0.3304835557937622]","['PkQcWcwebYqfpxQ9AQ3nKX_11.pth', 'PkQcWcwebYqfpxQ9AQ3nKX_25.pth']"
eldritch-monster-1162,rtdnxio0,"[borzoi,ruddy_turnstone,necklace]",2747,SGD,33,14,34,0.868175745010376,0.4946250319480896,"[0.5343655347824097, 0.5153159499168396, 0.48103415966033936]","[0.260593980550766, 0.2583814859390259, 0.2733776867389679]","['dXnK663qp9qfCHsjsZcV35_13.pth', 'dXnK663qp9qfCHsjsZcV35_34.pth']"
arcane-fantasy-1161,di29pjhp,"[pick,dock,breakwater]",2047,Adam,42,14,43,0.7984962463378906,0.646341860294342,"[0.49823856353759766, 0.49746593832969666, 0.5005064010620117]","[0.2841923236846924, 0.28265050053596497, 0.3027295470237732]","['7bpJhWzwbdAFP8Wbz8vAi4_13.pth', '7bpJhWzwbdAFP8Wbz8vAi4_43.pth']"
unearthly-ghoul-1160,7yea94pe,"[sewing_machine,dock,chambered_nautilus]",7849,SGD,46,19,47,0.8837209343910217,0.3902386724948883,"[0.48389875888824463, 0.46489062905311584, 0.44441765546798706]","[0.30576032400131226, 0.30203336477279663, 0.31321972608566284]","['bFFucNm8wrHoUpYRyVdcvV_18.pth', 'bFFucNm8wrHoUpYRyVdcvV_47.pth']"
restless-spirit-1159,83tcpboy,"[carpenter's_kit,bolete,ant]",2558,SGD,71,12,72,0.8462441563606262,0.5681971311569214,"[0.49573254585266113, 0.46594932675361633, 0.3842321038246155]","[0.28204479813575745, 0.2733927369117737, 0.28705301880836487]","['SPDgGD3J4iMdEX49TaiYkg_11.pth', 'SPDgGD3J4iMdEX49TaiYkg_72.pth']"
forgotten-apparition-1158,2g9yjy2p,"[airedale,tow_truck,sewing_machine]",9274,Adam,23,13,24,0.833698034286499,1.2294796705245972,"[0.507526695728302, 0.4801860451698303, 0.43917256593704224]","[0.2855680286884308, 0.2856135964393616, 0.29834726452827454]","['5pb9UcfxwrLcC6kmvYyt5o_12.pth', '5pb9UcfxwrLcC6kmvYyt5o_24.pth']"
cryptic-vampire-1157,qonw2dwt,"[soft-coated_wheaten_terrier,ant,pick]",8666,SGD,65,16,66,0.7709750533103943,0.928066611289978,"[0.5159539580345154, 0.48255103826522827, 0.41330084204673767]","[0.27961355447769165, 0.2727808654308319, 0.28645622730255127]","['B6AkqyA5UxUr7inszj3VQD_15.pth', 'B6AkqyA5UxUr7inszj3VQD_66.pth']"
abominable-rift-1156,otnwgcej,"[indigo_bunting,running_shoe,vizsla]",6396,Adam,49,18,50,0.7239382266998291,7.653326034545898,"[0.4894734025001526, 0.47069650888442993, 0.3899422883987427]","[0.25682491064071655, 0.24977029860019684, 0.26788681745529175]","['hDJ2hTFHJe8Q3F4c56jkw9_17.pth', 'hDJ2hTFHJe8Q3F4c56jkw9_50.pth']"
shadowed-void-1155,fm2qrrtb,"[wire-haired_fox_terrier,ant,indigo_bunting]",3385,SGD,47,12,48,0.9097421169281006,0.3576902151107788,"[0.48753637075424194, 0.4931873381137848, 0.38807666301727295]","[0.2530459463596344, 0.23869019746780396, 0.260297954082489]","['MqBcBfKNR4vxu2Sras4JW7_11.pth', 'MqBcBfKNR4vxu2Sras4JW7_48.pth']"
obscure-scarecrow-1154,ys41522x,"[schooner,mixing_bowl,vizsla]",4555,Adam,34,18,35,0.925434112548828,0.3901898562908172,"[0.5154575705528259, 0.4911121129989624, 0.4450606107711792]","[0.25832295417785645, 0.2560359835624695, 0.28193214535713196]","['4aDxBFkc4qtLwkjnYsADzW_17.pth', '4aDxBFkc4qtLwkjnYsADzW_35.pth']"
vacant-abyss-1153,6og9olzo,"[red_wolf,airedale,angora]",1184,SGD,41,13,42,0.7161383032798767,0.948164999485016,"[0.47398343682289124, 0.44776496291160583, 0.3774583041667938]","[0.25283536314964294, 0.24422986805438995, 0.25010111927986145]","['fhPDDsUyfJ6AYwtDwEWcSD_12.pth', 'fhPDDsUyfJ6AYwtDwEWcSD_42.pth']"
obscure-vampire-1152,5a1fsafr,"[barn_spider,planetarium,breakwater]",6420,SGD,72,10,73,0.8304794430732727,0.7422156929969788,"[0.456868976354599, 0.47703686356544495, 0.4777834713459015]","[0.2638345956802368, 0.2625107765197754, 0.29226547479629517]","['6GuNTk3ZGN76raPSvhmyAc_9.pth', '6GuNTk3ZGN76raPSvhmyAc_73.pth']"
pale-pumpkin-1151,5p9kb59a,"[planetarium,police_van,maillot]",5051,SGD,69,12,70,0.8756756782531738,0.4404404461383819,"[0.4722699522972107, 0.47418951988220215, 0.4689633548259735]","[0.28644007444381714, 0.2800252437591553, 0.29673242568969727]","['gzQj8aw7SsdLTAcr8NKHcD_11.pth', 'gzQj8aw7SsdLTAcr8NKHcD_70.pth']"
abominable-spirit-1150,j9q6mhyk,"[tow_truck,crash_helmet,angora]",5311,Adam,77,15,78,0.8612244725227356,0.7034363746643066,"[0.486661434173584, 0.46555590629577637, 0.44308289885520935]","[0.29226770997047424, 0.28890925645828247, 0.29954227805137634]","['ckcvGPRvJPE5vJA3Gh4poB_14.pth', 'ckcvGPRvJPE5vJA3Gh4poB_78.pth']"
grim-candle-1149,v2fvcoai,"[schooner,wire-haired_fox_terrier,dock]",2433,SGD,56,18,57,0.8365018963813782,0.738878071308136,"[0.4963536858558655, 0.5214678645133972, 0.5368044376373291]","[0.2602488398551941, 0.25503286719322205, 0.27576693892478943]","['mBhkRxKsHnBYRPSr7Hbxsp_17.pth', 'mBhkRxKsHnBYRPSr7Hbxsp_57.pth']"
intangible-shadow-1148,i3t9ymys,"[sewing_machine,trombone,airedale]",6949,SGD,37,13,38,0.7562940716743469,0.7950751781463623,"[0.5185929536819458, 0.4810572564601898, 0.4379679560661316]","[0.3085063397884369, 0.3091598451137543, 0.3185017704963684]","['YXjpantVgur78w6gQ8Ya2B_12.pth', 'YXjpantVgur78w6gQ8Ya2B_38.pth']"
hollow-spider-1147,0o3o4luc,"[planetarium,american_lobster,barometer]",769,SGD,52,10,53,0.8694214820861816,0.6317510604858398,"[0.5191319584846497, 0.4654940366744995, 0.4359939992427826]","[0.28552067279815674, 0.28746822476387024, 0.30855506658554077]","['Gn2eo8JNUQ8nW9yhWpyqXx_9.pth', 'Gn2eo8JNUQ8nW9yhWpyqXx_53.pth']"
twisted-warlock-1146,9eimjlnn,"[breakwater,angora,american_lobster]",1685,Adam,56,10,57,0.9176136255264282,0.3898960947990417,"[0.5015265941619873, 0.4602333903312683, 0.4400750994682312]","[0.2644272446632385, 0.26337555050849915, 0.2859160006046295]","['AhxyZLpDPXN2LgVVfGqM6s_9.pth', 'AhxyZLpDPXN2LgVVfGqM6s_57.pth']"
twisted-treat-1145,r6j9ylto,"[strawberry,red_wolf,airedale]",8322,SGD,59,18,60,0.8231469392776489,0.7010842561721802,"[0.5248845815658569, 0.42977175116539, 0.35273346304893494]","[0.26987195014953613, 0.2693437337875366, 0.2699684500694275]","['eqtz4uyzM2W5fVkywXGds7_17.pth', 'eqtz4uyzM2W5fVkywXGds7_60.pth']"
murky-seance-1144,3z7aocfo,"[otterhound,missile,vizsla]",5578,SGD,50,12,51,0.8481012582778931,0.5873901844024658,"[0.49414849281311035, 0.47266098856925964, 0.4173940122127533]","[0.25413358211517334, 0.24683761596679688, 0.2712096869945526]","['NtcyLyyLdAqGm5XLreFTRB_11.pth', 'NtcyLyyLdAqGm5XLreFTRB_51.pth']"
spooky-candy-1143,gf2e9gus,"[trombone,vizsla,indigo_bunting]",4426,SGD,50,18,51,0.8925542235374451,0.383113831281662,"[0.4890808165073395, 0.4675137996673584, 0.38804611563682556]","[0.27679356932640076, 0.27002254128456116, 0.28373029828071594]","['jtHSyAnUaKLpEZFbSyQWJi_17.pth', 'jtHSyAnUaKLpEZFbSyQWJi_51.pth']"
howling-memory-1142,pv336kba,"[bolete,tow_truck,soft-coated_wheaten_terrier]",466,SGD,79,16,80,0.8794084191322327,0.4117571115493774,"[0.46453434228897095, 0.4390975534915924, 0.37986838817596436]","[0.263622522354126, 0.25598081946372986, 0.26605239510536194]","['Yu9Gmhri3pmiR3aMqGKQrQ_15.pth', 'Yu9Gmhri3pmiR3aMqGKQrQ_80.pth']"
devilish-pumpkin-1141,2aqhzmk2,"[american_lobster,carpenter's_kit,cellular_telephone]",6265,Adam,32,16,33,0.7140883803367615,1.51308012008667,"[0.5386902093887329, 0.4764898419380188, 0.4481102526187897]","[0.3144870400428772, 0.315745085477829, 0.3268798887729645]","['F9JWeacPyYrXJFc5AWikxK_15.pth', 'F9JWeacPyYrXJFc5AWikxK_33.pth']"
pale-warlock-1140,hhrkdo2a,"[otterhound,angora,paddle]",5734,SGD,53,10,54,0.8581951856613159,0.5429988503456116,"[0.491208016872406, 0.4763752520084381, 0.44211000204086304]","[0.2694646120071411, 0.26161497831344604, 0.2773338556289673]","['mWA9NSt3oNbQAuYTkiTXVU_9.pth', 'mWA9NSt3oNbQAuYTkiTXVU_54.pth']"
possessed-labyrinth-1139,czow9cqy,"[red_wolf,missile,mixing_bowl]",5191,Adam,48,14,49,0.8027027249336243,1.0879316329956057,"[0.49788379669189453, 0.48507997393608093, 0.4414688050746918]","[0.27117714285850525, 0.26513826847076416, 0.2850364148616791]","['kQNN9BKxw27icC5FQgDoYL_13.pth', 'kQNN9BKxw27icC5FQgDoYL_49.pth']"
enchanted-newt-1138,d11ee6sh,"[breakwater,police_van,pug]",5390,SGD,58,16,59,0.9027962684631348,0.4032508134841919,"[0.46436941623687744, 0.4678928256034851, 0.4558696448802948]","[0.2668681740760803, 0.26367050409317017, 0.28046610951423645]","['mLCMxTPh7bxSrbF7exvVkN_15.pth', 'mLCMxTPh7bxSrbF7exvVkN_59.pth']"
endless-sorcery-1137,uzaffvmb,"[ruddy_turnstone,soft-coated_wheaten_terrier,maillot]",860,Adam,71,17,72,0.8994413614273071,0.6760542988777161,"[0.5202406644821167, 0.500368058681488, 0.46239352226257324]","[0.2526084780693054, 0.24582837522029877, 0.2597651481628418]","['ihji9nNheYJNWTijuSRZRQ_16.pth', 'ihji9nNheYJNWTijuSRZRQ_72.pth']"
macabre-echo-1136,9owib3op,"[strawberry,barometer,crash_helmet]",7270,SGD,22,16,23,0.7952443957328796,1.020216464996338,"[0.556227445602417, 0.457105427980423, 0.4161381423473358]","[0.303666889667511, 0.31615975499153137, 0.3251967132091522]","['VfyDtshcsAw3uvrtJunLyy_15.pth', 'VfyDtshcsAw3uvrtJunLyy_23.pth']"
